Fahrenheit,Celsius,Kelvin
45,7.222222222222222,280.22222222222223
69,20.555555555555557,293.55555555555554
12,-11.11111111111111,261.8888888888889
-40,-40.0,233.0
